path,label
D:\A2E\AtoE v5\Data\A\A-H (1).png,A
D:\A2E\AtoE v5\Data\A\A-H (10).png,A
D:\A2E\AtoE v5\Data\A\A-H (11).png,A
D:\A2E\AtoE v5\Data\A\A-H (12).png,A
D:\A2E\AtoE v5\Data\A\A-H (13).png,A
D:\A2E\AtoE v5\Data\A\A-H (14).png,A
D:\A2E\AtoE v5\Data\A\A-H (15).png,A
D:\A2E\AtoE v5\Data\A\A-H (16).png,A
D:\A2E\AtoE v5\Data\A\A-H (17).png,A
D:\A2E\AtoE v5\Data\A\A-H (18).png,A
D:\A2E\AtoE v5\Data\A\A-H (19).png,A
D:\A2E\AtoE v5\Data\A\A-H (2).png,A
D:\A2E\AtoE v5\Data\A\A-H (20).png,A
D:\A2E\AtoE v5\Data\A\A-H (21).png,A
D:\A2E\AtoE v5\Data\A\A-H (22).png,A
D:\A2E\AtoE v5\Data\A\A-H (23).png,A
D:\A2E\AtoE v5\Data\A\A-H (24).png,A
D:\A2E\AtoE v5\Data\A\A-H (25).png,A
D:\A2E\AtoE v5\Data\A\A-H (26).png,A
D:\A2E\AtoE v5\Data\A\A-H (27).png,A
D:\A2E\AtoE v5\Data\A\A-H (3).png,A
D:\A2E\AtoE v5\Data\A\A-H (4).png,A
D:\A2E\AtoE v5\Data\A\A-H (5).png,A
D:\A2E\AtoE v5\Data\A\A-H (6).png,A
D:\A2E\AtoE v5\Data\A\A-H (7).png,A
D:\A2E\AtoE v5\Data\A\A-H (8).png,A
D:\A2E\AtoE v5\Data\A\A-H (9).png,A
D:\A2E\AtoE v5\Data\A\A-V (1).png,A
D:\A2E\AtoE v5\Data\A\A-V (10).png,A
D:\A2E\AtoE v5\Data\A\A-V (11).png,A
D:\A2E\AtoE v5\Data\A\A-V (12).png,A
D:\A2E\AtoE v5\Data\A\A-V (13).png,A
D:\A2E\AtoE v5\Data\A\A-V (14).png,A
D:\A2E\AtoE v5\Data\A\A-V (15).png,A
D:\A2E\AtoE v5\Data\A\A-V (16).png,A
D:\A2E\AtoE v5\Data\A\A-V (17).png,A
D:\A2E\AtoE v5\Data\A\A-V (18).png,A
D:\A2E\AtoE v5\Data\A\A-V (19).png,A
D:\A2E\AtoE v5\Data\A\A-V (2).png,A
D:\A2E\AtoE v5\Data\A\A-V (20).png,A
D:\A2E\AtoE v5\Data\A\A-V (22).png,A
D:\A2E\AtoE v5\Data\A\A-V (24).png,A
D:\A2E\AtoE v5\Data\A\A-V (25).png,A
D:\A2E\AtoE v5\Data\A\A-V (28).png,A
D:\A2E\AtoE v5\Data\A\A-V (29).png,A
D:\A2E\AtoE v5\Data\A\A-V (3).png,A
D:\A2E\AtoE v5\Data\A\A-V (31).png,A
D:\A2E\AtoE v5\Data\A\A-V (4).png,A
D:\A2E\AtoE v5\Data\A\A-V (5).png,A
D:\A2E\AtoE v5\Data\A\A-V (6).png,A
D:\A2E\AtoE v5\Data\A\A-V (7).png,A
D:\A2E\AtoE v5\Data\A\A-V (8).png,A
D:\A2E\AtoE v5\Data\A\A-V (9).png,A
D:\A2E\AtoE v5\Data\B\B-H (1).png,B
D:\A2E\AtoE v5\Data\B\B-H (10).png,B
D:\A2E\AtoE v5\Data\B\B-H (11).png,B
D:\A2E\AtoE v5\Data\B\B-H (12).png,B
D:\A2E\AtoE v5\Data\B\B-H (13).png,B
D:\A2E\AtoE v5\Data\B\B-H (14).png,B
D:\A2E\AtoE v5\Data\B\B-H (15).png,B
D:\A2E\AtoE v5\Data\B\B-H (16).png,B
D:\A2E\AtoE v5\Data\B\B-H (17).png,B
D:\A2E\AtoE v5\Data\B\B-H (18).png,B
D:\A2E\AtoE v5\Data\B\B-H (19).png,B
D:\A2E\AtoE v5\Data\B\B-H (2).png,B
D:\A2E\AtoE v5\Data\B\B-H (20).png,B
D:\A2E\AtoE v5\Data\B\B-H (21).png,B
D:\A2E\AtoE v5\Data\B\B-H (22).png,B
D:\A2E\AtoE v5\Data\B\B-H (23).png,B
D:\A2E\AtoE v5\Data\B\B-H (24).png,B
D:\A2E\AtoE v5\Data\B\B-H (25).png,B
D:\A2E\AtoE v5\Data\B\B-H (26).png,B
D:\A2E\AtoE v5\Data\B\B-H (27).png,B
D:\A2E\AtoE v5\Data\B\B-H (3).png,B
D:\A2E\AtoE v5\Data\B\B-H (4).png,B
D:\A2E\AtoE v5\Data\B\B-H (5).png,B
D:\A2E\AtoE v5\Data\B\B-H (6).png,B
D:\A2E\AtoE v5\Data\B\B-H (7).png,B
D:\A2E\AtoE v5\Data\B\B-H (8).png,B
D:\A2E\AtoE v5\Data\B\B-H (9).png,B
D:\A2E\AtoE v5\Data\B\B-V (1).png,B
D:\A2E\AtoE v5\Data\B\B-V (10).png,B
D:\A2E\AtoE v5\Data\B\B-V (11).png,B
D:\A2E\AtoE v5\Data\B\B-V (12).png,B
D:\A2E\AtoE v5\Data\B\B-V (13).png,B
D:\A2E\AtoE v5\Data\B\B-V (14).png,B
D:\A2E\AtoE v5\Data\B\B-V (15).png,B
D:\A2E\AtoE v5\Data\B\B-V (16).png,B
D:\A2E\AtoE v5\Data\B\B-V (17).png,B
D:\A2E\AtoE v5\Data\B\B-V (18).png,B
D:\A2E\AtoE v5\Data\B\B-V (19).png,B
D:\A2E\AtoE v5\Data\B\B-V (2).png,B
D:\A2E\AtoE v5\Data\B\B-V (20).png,B
D:\A2E\AtoE v5\Data\B\B-V (21).png,B
D:\A2E\AtoE v5\Data\B\B-V (22).png,B
D:\A2E\AtoE v5\Data\B\B-V (23).png,B
D:\A2E\AtoE v5\Data\B\B-V (24).png,B
D:\A2E\AtoE v5\Data\B\B-V (25).png,B
D:\A2E\AtoE v5\Data\B\B-V (26).png,B
D:\A2E\AtoE v5\Data\B\B-V (27).png,B
D:\A2E\AtoE v5\Data\B\B-V (28).png,B
D:\A2E\AtoE v5\Data\B\B-V (29).png,B
D:\A2E\AtoE v5\Data\B\B-V (3).png,B
D:\A2E\AtoE v5\Data\B\B-V (30).png,B
D:\A2E\AtoE v5\Data\B\B-V (4).png,B
D:\A2E\AtoE v5\Data\B\B-V (5).png,B
D:\A2E\AtoE v5\Data\B\B-V (6).png,B
D:\A2E\AtoE v5\Data\B\B-V (7).png,B
D:\A2E\AtoE v5\Data\B\B-V (8).png,B
D:\A2E\AtoE v5\Data\B\B-V (9).png,B
D:\A2E\AtoE v5\Data\C\C-H (1).png,C
D:\A2E\AtoE v5\Data\C\C-H (10).png,C
D:\A2E\AtoE v5\Data\C\C-H (11).png,C
D:\A2E\AtoE v5\Data\C\C-H (12).png,C
D:\A2E\AtoE v5\Data\C\C-H (13).png,C
D:\A2E\AtoE v5\Data\C\C-H (14).png,C
D:\A2E\AtoE v5\Data\C\C-H (15).png,C
D:\A2E\AtoE v5\Data\C\C-H (16).png,C
D:\A2E\AtoE v5\Data\C\C-H (17).png,C
D:\A2E\AtoE v5\Data\C\C-H (18).png,C
D:\A2E\AtoE v5\Data\C\C-H (19).png,C
D:\A2E\AtoE v5\Data\C\C-H (2).png,C
D:\A2E\AtoE v5\Data\C\C-H (20).png,C
D:\A2E\AtoE v5\Data\C\C-H (21).png,C
D:\A2E\AtoE v5\Data\C\C-H (22).png,C
D:\A2E\AtoE v5\Data\C\C-H (23).png,C
D:\A2E\AtoE v5\Data\C\C-H (24).png,C
D:\A2E\AtoE v5\Data\C\C-H (25).png,C
D:\A2E\AtoE v5\Data\C\C-H (26).png,C
D:\A2E\AtoE v5\Data\C\C-H (27).png,C
D:\A2E\AtoE v5\Data\C\C-H (3).png,C
D:\A2E\AtoE v5\Data\C\C-H (4).png,C
D:\A2E\AtoE v5\Data\C\C-H (5).png,C
D:\A2E\AtoE v5\Data\C\C-H (6).png,C
D:\A2E\AtoE v5\Data\C\C-H (7).png,C
D:\A2E\AtoE v5\Data\C\C-H (8).png,C
D:\A2E\AtoE v5\Data\C\C-H (9).png,C
D:\A2E\AtoE v5\Data\C\C-V (10).png,C
D:\A2E\AtoE v5\Data\C\C-V (11).png,C
D:\A2E\AtoE v5\Data\C\C-V (12).png,C
D:\A2E\AtoE v5\Data\C\C-V (13).png,C
D:\A2E\AtoE v5\Data\C\C-V (14).png,C
D:\A2E\AtoE v5\Data\C\C-V (15).png,C
D:\A2E\AtoE v5\Data\C\C-V (16).png,C
D:\A2E\AtoE v5\Data\C\C-V (17).png,C
D:\A2E\AtoE v5\Data\C\C-V (18).png,C
D:\A2E\AtoE v5\Data\C\C-V (19).png,C
D:\A2E\AtoE v5\Data\C\C-V (20).png,C
D:\A2E\AtoE v5\Data\C\C-V (23).png,C
D:\A2E\AtoE v5\Data\C\C-V (24).png,C
D:\A2E\AtoE v5\Data\C\C-V (25).png,C
D:\A2E\AtoE v5\Data\C\C-V (26).png,C
D:\A2E\AtoE v5\Data\C\C-V (27).png,C
D:\A2E\AtoE v5\Data\C\C-V (28).png,C
D:\A2E\AtoE v5\Data\C\C-V (29).png,C
D:\A2E\AtoE v5\Data\C\C-V (9).png,C
D:\A2E\AtoE v5\Data\D\D-H (1).png,D
D:\A2E\AtoE v5\Data\D\D-H (10).png,D
D:\A2E\AtoE v5\Data\D\D-H (11).png,D
D:\A2E\AtoE v5\Data\D\D-H (12).png,D
D:\A2E\AtoE v5\Data\D\D-H (13).png,D
D:\A2E\AtoE v5\Data\D\D-H (14).png,D
D:\A2E\AtoE v5\Data\D\D-H (15).png,D
D:\A2E\AtoE v5\Data\D\D-H (16).png,D
D:\A2E\AtoE v5\Data\D\D-H (17).png,D
D:\A2E\AtoE v5\Data\D\D-H (18).png,D
D:\A2E\AtoE v5\Data\D\D-H (19).png,D
D:\A2E\AtoE v5\Data\D\D-H (2).png,D
D:\A2E\AtoE v5\Data\D\D-H (20).png,D
D:\A2E\AtoE v5\Data\D\D-H (21).png,D
D:\A2E\AtoE v5\Data\D\D-H (22).png,D
D:\A2E\AtoE v5\Data\D\D-H (23).png,D
D:\A2E\AtoE v5\Data\D\D-H (24).png,D
D:\A2E\AtoE v5\Data\D\D-H (25).png,D
D:\A2E\AtoE v5\Data\D\D-H (26).png,D
D:\A2E\AtoE v5\Data\D\D-H (27).png,D
D:\A2E\AtoE v5\Data\D\D-H (3).png,D
D:\A2E\AtoE v5\Data\D\D-H (4).png,D
D:\A2E\AtoE v5\Data\D\D-H (5).png,D
D:\A2E\AtoE v5\Data\D\D-H (6).png,D
D:\A2E\AtoE v5\Data\D\D-H (7).png,D
D:\A2E\AtoE v5\Data\D\D-H (8).png,D
D:\A2E\AtoE v5\Data\D\D-H (9).png,D
D:\A2E\AtoE v5\Data\D\D-V (1).png,D
D:\A2E\AtoE v5\Data\D\D-V (10).png,D
D:\A2E\AtoE v5\Data\D\D-V (11).png,D
D:\A2E\AtoE v5\Data\D\D-V (12).png,D
D:\A2E\AtoE v5\Data\D\D-V (13).png,D
D:\A2E\AtoE v5\Data\D\D-V (14).png,D
D:\A2E\AtoE v5\Data\D\D-V (15).png,D
D:\A2E\AtoE v5\Data\D\D-V (16).png,D
D:\A2E\AtoE v5\Data\D\D-V (17).png,D
D:\A2E\AtoE v5\Data\D\D-V (18).png,D
D:\A2E\AtoE v5\Data\D\D-V (19).png,D
D:\A2E\AtoE v5\Data\D\D-V (2).png,D
D:\A2E\AtoE v5\Data\D\D-V (20).png,D
D:\A2E\AtoE v5\Data\D\D-V (21).png,D
D:\A2E\AtoE v5\Data\D\D-V (22).png,D
D:\A2E\AtoE v5\Data\D\D-V (23).png,D
D:\A2E\AtoE v5\Data\D\D-V (24).png,D
D:\A2E\AtoE v5\Data\D\D-V (25).png,D
D:\A2E\AtoE v5\Data\D\D-V (27).png,D
D:\A2E\AtoE v5\Data\D\D-V (28).png,D
D:\A2E\AtoE v5\Data\D\D-V (29).png,D
D:\A2E\AtoE v5\Data\D\D-V (3).png,D
D:\A2E\AtoE v5\Data\D\D-V (30).png,D
D:\A2E\AtoE v5\Data\D\D-V (31).png,D
D:\A2E\AtoE v5\Data\D\D-V (32).png,D
D:\A2E\AtoE v5\Data\D\D-V (4).png,D
D:\A2E\AtoE v5\Data\D\D-V (5).png,D
D:\A2E\AtoE v5\Data\D\D-V (6).png,D
D:\A2E\AtoE v5\Data\D\D-V (7).png,D
D:\A2E\AtoE v5\Data\D\D-V (8).png,D
D:\A2E\AtoE v5\Data\D\D-V (9).png,D
D:\A2E\AtoE v5\Data\E\E-H (1).png,E
D:\A2E\AtoE v5\Data\E\E-H (10).png,E
D:\A2E\AtoE v5\Data\E\E-H (11).png,E
D:\A2E\AtoE v5\Data\E\E-H (12).png,E
D:\A2E\AtoE v5\Data\E\E-H (13).png,E
D:\A2E\AtoE v5\Data\E\E-H (14).png,E
D:\A2E\AtoE v5\Data\E\E-H (15).png,E
D:\A2E\AtoE v5\Data\E\E-H (16).png,E
D:\A2E\AtoE v5\Data\E\E-H (17).png,E
D:\A2E\AtoE v5\Data\E\E-H (18).png,E
D:\A2E\AtoE v5\Data\E\E-H (19).png,E
D:\A2E\AtoE v5\Data\E\E-H (2).png,E
D:\A2E\AtoE v5\Data\E\E-H (20).png,E
D:\A2E\AtoE v5\Data\E\E-H (21).png,E
D:\A2E\AtoE v5\Data\E\E-H (22).png,E
D:\A2E\AtoE v5\Data\E\E-H (23).png,E
D:\A2E\AtoE v5\Data\E\E-H (24).png,E
D:\A2E\AtoE v5\Data\E\E-H (25).png,E
D:\A2E\AtoE v5\Data\E\E-H (26).png,E
D:\A2E\AtoE v5\Data\E\E-H (27).png,E
D:\A2E\AtoE v5\Data\E\E-H (28).png,E
D:\A2E\AtoE v5\Data\E\E-H (3).png,E
D:\A2E\AtoE v5\Data\E\E-H (4).png,E
D:\A2E\AtoE v5\Data\E\E-H (5).png,E
D:\A2E\AtoE v5\Data\E\E-H (6).png,E
D:\A2E\AtoE v5\Data\E\E-H (7).png,E
D:\A2E\AtoE v5\Data\E\E-H (8).png,E
D:\A2E\AtoE v5\Data\E\E-H (9).png,E
D:\A2E\AtoE v5\Data\E\E-V (1).png,E
D:\A2E\AtoE v5\Data\E\E-V (10).png,E
D:\A2E\AtoE v5\Data\E\E-V (11).png,E
D:\A2E\AtoE v5\Data\E\E-V (12).png,E
D:\A2E\AtoE v5\Data\E\E-V (13).png,E
D:\A2E\AtoE v5\Data\E\E-V (14).png,E
D:\A2E\AtoE v5\Data\E\E-V (15).png,E
D:\A2E\AtoE v5\Data\E\E-V (16).png,E
D:\A2E\AtoE v5\Data\E\E-V (2).png,E
D:\A2E\AtoE v5\Data\E\E-V (20).png,E
D:\A2E\AtoE v5\Data\E\E-V (21).png,E
D:\A2E\AtoE v5\Data\E\E-V (22).png,E
D:\A2E\AtoE v5\Data\E\E-V (24).png,E
D:\A2E\AtoE v5\Data\E\E-V (25).png,E
D:\A2E\AtoE v5\Data\E\E-V (26).png,E
D:\A2E\AtoE v5\Data\E\E-V (27).png,E
D:\A2E\AtoE v5\Data\E\E-V (28).png,E
D:\A2E\AtoE v5\Data\E\E-V (29).png,E
D:\A2E\AtoE v5\Data\E\E-V (3).png,E
D:\A2E\AtoE v5\Data\E\E-V (30).png,E
D:\A2E\AtoE v5\Data\E\E-V (31).png,E
D:\A2E\AtoE v5\Data\E\E-V (4).png,E
D:\A2E\AtoE v5\Data\E\E-V (5).png,E
D:\A2E\AtoE v5\Data\E\E-V (6).png,E
D:\A2E\AtoE v5\Data\E\E-V (7).png,E
D:\A2E\AtoE v5\Data\E\E-V (8).png,E
D:\A2E\AtoE v5\Data\E\E-V (9).png,E
D:\A2E\AtoE v5\Data\F\F-H (1).png,F
D:\A2E\AtoE v5\Data\F\F-H (10).png,F
D:\A2E\AtoE v5\Data\F\F-H (11).png,F
D:\A2E\AtoE v5\Data\F\F-H (12).png,F
D:\A2E\AtoE v5\Data\F\F-H (13).png,F
D:\A2E\AtoE v5\Data\F\F-H (14).png,F
D:\A2E\AtoE v5\Data\F\F-H (15).png,F
D:\A2E\AtoE v5\Data\F\F-H (16).png,F
D:\A2E\AtoE v5\Data\F\F-H (17).png,F
D:\A2E\AtoE v5\Data\F\F-H (18).png,F
D:\A2E\AtoE v5\Data\F\F-H (19).png,F
D:\A2E\AtoE v5\Data\F\F-H (2).png,F
D:\A2E\AtoE v5\Data\F\F-H (20).png,F
D:\A2E\AtoE v5\Data\F\F-H (21).png,F
D:\A2E\AtoE v5\Data\F\F-H (22).png,F
D:\A2E\AtoE v5\Data\F\F-H (23).png,F
D:\A2E\AtoE v5\Data\F\F-H (24).png,F
D:\A2E\AtoE v5\Data\F\F-H (25).png,F
D:\A2E\AtoE v5\Data\F\F-H (26).png,F
D:\A2E\AtoE v5\Data\F\F-H (27).png,F
D:\A2E\AtoE v5\Data\F\F-H (3).png,F
D:\A2E\AtoE v5\Data\F\F-H (4).png,F
D:\A2E\AtoE v5\Data\F\F-H (5).png,F
D:\A2E\AtoE v5\Data\F\F-H (6).png,F
D:\A2E\AtoE v5\Data\F\F-H (7).png,F
D:\A2E\AtoE v5\Data\F\F-H (8).png,F
D:\A2E\AtoE v5\Data\F\F-H (9).png,F
D:\A2E\AtoE v5\Data\F\F-V (1).png,F
D:\A2E\AtoE v5\Data\F\F-V (10).png,F
D:\A2E\AtoE v5\Data\F\F-V (11).png,F
D:\A2E\AtoE v5\Data\F\F-V (12).png,F
D:\A2E\AtoE v5\Data\F\F-V (13).png,F
D:\A2E\AtoE v5\Data\F\F-V (14).png,F
D:\A2E\AtoE v5\Data\F\F-V (15).png,F
D:\A2E\AtoE v5\Data\F\F-V (16).png,F
D:\A2E\AtoE v5\Data\F\F-V (17).png,F
D:\A2E\AtoE v5\Data\F\F-V (18).png,F
D:\A2E\AtoE v5\Data\F\F-V (19).png,F
D:\A2E\AtoE v5\Data\F\F-V (2).png,F
D:\A2E\AtoE v5\Data\F\F-V (20).png,F
D:\A2E\AtoE v5\Data\F\F-V (21).png,F
D:\A2E\AtoE v5\Data\F\F-V (22).png,F
D:\A2E\AtoE v5\Data\F\F-V (23).png,F
D:\A2E\AtoE v5\Data\F\F-V (24).png,F
D:\A2E\AtoE v5\Data\F\F-V (25).png,F
D:\A2E\AtoE v5\Data\F\F-V (26).png,F
D:\A2E\AtoE v5\Data\F\F-V (27).png,F
D:\A2E\AtoE v5\Data\F\F-V (28).png,F
D:\A2E\AtoE v5\Data\F\F-V (29).png,F
D:\A2E\AtoE v5\Data\F\F-V (3).png,F
D:\A2E\AtoE v5\Data\F\F-V (4).png,F
D:\A2E\AtoE v5\Data\F\F-V (5).png,F
D:\A2E\AtoE v5\Data\F\F-V (6).png,F
D:\A2E\AtoE v5\Data\F\F-V (7).png,F
D:\A2E\AtoE v5\Data\F\F-V (8).png,F
D:\A2E\AtoE v5\Data\F\F-V (9).png,F
D:\A2E\AtoE v5\Data\G\G-H (1).png,G
D:\A2E\AtoE v5\Data\G\G-H (10).png,G
D:\A2E\AtoE v5\Data\G\G-H (11).png,G
D:\A2E\AtoE v5\Data\G\G-H (12).png,G
D:\A2E\AtoE v5\Data\G\G-H (13).png,G
D:\A2E\AtoE v5\Data\G\G-H (14).png,G
D:\A2E\AtoE v5\Data\G\G-H (15).png,G
D:\A2E\AtoE v5\Data\G\G-H (16).png,G
D:\A2E\AtoE v5\Data\G\G-H (17).png,G
D:\A2E\AtoE v5\Data\G\G-H (18).png,G
D:\A2E\AtoE v5\Data\G\G-H (19).png,G
D:\A2E\AtoE v5\Data\G\G-H (2).png,G
D:\A2E\AtoE v5\Data\G\G-H (20).png,G
D:\A2E\AtoE v5\Data\G\G-H (21).png,G
D:\A2E\AtoE v5\Data\G\G-H (22).png,G
D:\A2E\AtoE v5\Data\G\G-H (23).png,G
D:\A2E\AtoE v5\Data\G\G-H (24).png,G
D:\A2E\AtoE v5\Data\G\G-H (25).png,G
D:\A2E\AtoE v5\Data\G\G-H (26).png,G
D:\A2E\AtoE v5\Data\G\G-H (27).png,G
D:\A2E\AtoE v5\Data\G\G-H (3).png,G
D:\A2E\AtoE v5\Data\G\G-H (4).png,G
D:\A2E\AtoE v5\Data\G\G-H (5).png,G
D:\A2E\AtoE v5\Data\G\G-H (6).png,G
D:\A2E\AtoE v5\Data\G\G-H (7).png,G
D:\A2E\AtoE v5\Data\G\G-H (8).png,G
D:\A2E\AtoE v5\Data\G\G-H (9).png,G
D:\A2E\AtoE v5\Data\G\G-V (1).png,G
D:\A2E\AtoE v5\Data\G\G-V (10).png,G
D:\A2E\AtoE v5\Data\G\G-V (11).png,G
D:\A2E\AtoE v5\Data\G\G-V (12).png,G
D:\A2E\AtoE v5\Data\G\G-V (13).png,G
D:\A2E\AtoE v5\Data\G\G-V (14).png,G
D:\A2E\AtoE v5\Data\G\G-V (15).png,G
D:\A2E\AtoE v5\Data\G\G-V (16).png,G
D:\A2E\AtoE v5\Data\G\G-V (17).png,G
D:\A2E\AtoE v5\Data\G\G-V (18).png,G
D:\A2E\AtoE v5\Data\G\G-V (19).png,G
D:\A2E\AtoE v5\Data\G\G-V (2).png,G
D:\A2E\AtoE v5\Data\G\G-V (20).png,G
D:\A2E\AtoE v5\Data\G\G-V (21).png,G
D:\A2E\AtoE v5\Data\G\G-V (22).png,G
D:\A2E\AtoE v5\Data\G\G-V (23).png,G
D:\A2E\AtoE v5\Data\G\G-V (24).png,G
D:\A2E\AtoE v5\Data\G\G-V (25).png,G
D:\A2E\AtoE v5\Data\G\G-V (26).png,G
D:\A2E\AtoE v5\Data\G\G-V (27).png,G
D:\A2E\AtoE v5\Data\G\G-V (28).png,G
D:\A2E\AtoE v5\Data\G\G-V (3).png,G
D:\A2E\AtoE v5\Data\G\G-V (4).png,G
D:\A2E\AtoE v5\Data\G\G-V (5).png,G
D:\A2E\AtoE v5\Data\G\G-V (6).png,G
D:\A2E\AtoE v5\Data\G\G-V (7).png,G
D:\A2E\AtoE v5\Data\G\G-V (8).png,G
D:\A2E\AtoE v5\Data\G\G-V (9).png,G
D:\A2E\AtoE v5\Data\H\H-H (1).png,H
D:\A2E\AtoE v5\Data\H\H-H (10).png,H
D:\A2E\AtoE v5\Data\H\H-H (11).png,H
D:\A2E\AtoE v5\Data\H\H-H (12).png,H
D:\A2E\AtoE v5\Data\H\H-H (13).png,H
D:\A2E\AtoE v5\Data\H\H-H (14).png,H
D:\A2E\AtoE v5\Data\H\H-H (15).png,H
D:\A2E\AtoE v5\Data\H\H-H (16).png,H
D:\A2E\AtoE v5\Data\H\H-H (17).png,H
D:\A2E\AtoE v5\Data\H\H-H (18).png,H
D:\A2E\AtoE v5\Data\H\H-H (19).png,H
D:\A2E\AtoE v5\Data\H\H-H (2).png,H
D:\A2E\AtoE v5\Data\H\H-H (20).png,H
D:\A2E\AtoE v5\Data\H\H-H (21).png,H
D:\A2E\AtoE v5\Data\H\H-H (22).png,H
D:\A2E\AtoE v5\Data\H\H-H (23).png,H
D:\A2E\AtoE v5\Data\H\H-H (24).png,H
D:\A2E\AtoE v5\Data\H\H-H (25).png,H
D:\A2E\AtoE v5\Data\H\H-H (26).png,H
D:\A2E\AtoE v5\Data\H\H-H (27).png,H
D:\A2E\AtoE v5\Data\H\H-H (3).png,H
D:\A2E\AtoE v5\Data\H\H-H (4).png,H
D:\A2E\AtoE v5\Data\H\H-H (5).png,H
D:\A2E\AtoE v5\Data\H\H-H (6).png,H
D:\A2E\AtoE v5\Data\H\H-H (7).png,H
D:\A2E\AtoE v5\Data\H\H-H (8).png,H
D:\A2E\AtoE v5\Data\H\H-H (9).png,H
D:\A2E\AtoE v5\Data\H\H-V (1).png,H
D:\A2E\AtoE v5\Data\H\H-V (10).png,H
D:\A2E\AtoE v5\Data\H\H-V (13).png,H
D:\A2E\AtoE v5\Data\H\H-V (14).png,H
D:\A2E\AtoE v5\Data\H\H-V (15).png,H
D:\A2E\AtoE v5\Data\H\H-V (16).png,H
D:\A2E\AtoE v5\Data\H\H-V (17).png,H
D:\A2E\AtoE v5\Data\H\H-V (18).png,H
D:\A2E\AtoE v5\Data\H\H-V (19).png,H
D:\A2E\AtoE v5\Data\H\H-V (2).png,H
D:\A2E\AtoE v5\Data\H\H-V (20).png,H
D:\A2E\AtoE v5\Data\H\H-V (22).png,H
D:\A2E\AtoE v5\Data\H\H-V (23).png,H
D:\A2E\AtoE v5\Data\H\H-V (24).png,H
D:\A2E\AtoE v5\Data\H\H-V (25).png,H
D:\A2E\AtoE v5\Data\H\H-V (26).png,H
D:\A2E\AtoE v5\Data\H\H-V (27).png,H
D:\A2E\AtoE v5\Data\H\H-V (28).png,H
D:\A2E\AtoE v5\Data\H\H-V (29).png,H
D:\A2E\AtoE v5\Data\H\H-V (3).png,H
D:\A2E\AtoE v5\Data\H\H-V (4).png,H
D:\A2E\AtoE v5\Data\H\H-V (6).png,H
D:\A2E\AtoE v5\Data\H\H-V (7).png,H
D:\A2E\AtoE v5\Data\H\H-V (8).png,H
D:\A2E\AtoE v5\Data\H\H-V (9).png,H
D:\A2E\AtoE v5\Data\I\I-H (1).png,I
D:\A2E\AtoE v5\Data\I\I-H (10).png,I
D:\A2E\AtoE v5\Data\I\I-H (11).png,I
D:\A2E\AtoE v5\Data\I\I-H (12).png,I
D:\A2E\AtoE v5\Data\I\I-H (13).png,I
D:\A2E\AtoE v5\Data\I\I-H (14).png,I
D:\A2E\AtoE v5\Data\I\I-H (15).png,I
D:\A2E\AtoE v5\Data\I\I-H (16).png,I
D:\A2E\AtoE v5\Data\I\I-H (17).png,I
D:\A2E\AtoE v5\Data\I\I-H (18).png,I
D:\A2E\AtoE v5\Data\I\I-H (19).png,I
D:\A2E\AtoE v5\Data\I\I-H (2).png,I
D:\A2E\AtoE v5\Data\I\I-H (20).png,I
D:\A2E\AtoE v5\Data\I\I-H (21).png,I
D:\A2E\AtoE v5\Data\I\I-H (22).png,I
D:\A2E\AtoE v5\Data\I\I-H (23).png,I
D:\A2E\AtoE v5\Data\I\I-H (24).png,I
D:\A2E\AtoE v5\Data\I\I-H (25).png,I
D:\A2E\AtoE v5\Data\I\I-H (26).png,I
D:\A2E\AtoE v5\Data\I\I-H (27).png,I
D:\A2E\AtoE v5\Data\I\I-H (3).png,I
D:\A2E\AtoE v5\Data\I\I-H (4).png,I
D:\A2E\AtoE v5\Data\I\I-H (5).png,I
D:\A2E\AtoE v5\Data\I\I-H (6).png,I
D:\A2E\AtoE v5\Data\I\I-H (7).png,I
D:\A2E\AtoE v5\Data\I\I-H (8).png,I
D:\A2E\AtoE v5\Data\I\I-H (9).png,I
D:\A2E\AtoE v5\Data\I\I-V (1).png,I
D:\A2E\AtoE v5\Data\I\I-V (10).png,I
D:\A2E\AtoE v5\Data\I\I-V (11).png,I
D:\A2E\AtoE v5\Data\I\I-V (12).png,I
D:\A2E\AtoE v5\Data\I\I-V (13).png,I
D:\A2E\AtoE v5\Data\I\I-V (14).png,I
D:\A2E\AtoE v5\Data\I\I-V (15).png,I
D:\A2E\AtoE v5\Data\I\I-V (16).png,I
D:\A2E\AtoE v5\Data\I\I-V (18).png,I
D:\A2E\AtoE v5\Data\I\I-V (19).png,I
D:\A2E\AtoE v5\Data\I\I-V (2).png,I
D:\A2E\AtoE v5\Data\I\I-V (23).png,I
D:\A2E\AtoE v5\Data\I\I-V (24).png,I
D:\A2E\AtoE v5\Data\I\I-V (25).png,I
D:\A2E\AtoE v5\Data\I\I-V (26).png,I
D:\A2E\AtoE v5\Data\I\I-V (27).png,I
D:\A2E\AtoE v5\Data\I\I-V (28).png,I
D:\A2E\AtoE v5\Data\I\I-V (29).png,I
D:\A2E\AtoE v5\Data\I\I-V (3).png,I
D:\A2E\AtoE v5\Data\I\I-V (30).png,I
D:\A2E\AtoE v5\Data\I\I-V (31).png,I
D:\A2E\AtoE v5\Data\I\I-V (32).png,I
D:\A2E\AtoE v5\Data\I\I-V (4).png,I
D:\A2E\AtoE v5\Data\I\I-V (5).png,I
D:\A2E\AtoE v5\Data\I\I-V (6).png,I
D:\A2E\AtoE v5\Data\I\I-V (7).png,I
D:\A2E\AtoE v5\Data\I\I-V (8).png,I
D:\A2E\AtoE v5\Data\I\I-V (9).png,I
D:\A2E\AtoE v5\Data\J\J-H (1).png,J
D:\A2E\AtoE v5\Data\J\J-H (10).png,J
D:\A2E\AtoE v5\Data\J\J-H (11).png,J
D:\A2E\AtoE v5\Data\J\J-H (12).png,J
D:\A2E\AtoE v5\Data\J\J-H (13).png,J
D:\A2E\AtoE v5\Data\J\J-H (14).png,J
D:\A2E\AtoE v5\Data\J\J-H (15).png,J
D:\A2E\AtoE v5\Data\J\J-H (16).png,J
D:\A2E\AtoE v5\Data\J\J-H (17).png,J
D:\A2E\AtoE v5\Data\J\J-H (18).png,J
D:\A2E\AtoE v5\Data\J\J-H (19).png,J
D:\A2E\AtoE v5\Data\J\J-H (2).png,J
D:\A2E\AtoE v5\Data\J\J-H (20).png,J
D:\A2E\AtoE v5\Data\J\J-H (21).png,J
D:\A2E\AtoE v5\Data\J\J-H (22).png,J
D:\A2E\AtoE v5\Data\J\J-H (23).png,J
D:\A2E\AtoE v5\Data\J\J-H (24).png,J
D:\A2E\AtoE v5\Data\J\J-H (25).png,J
D:\A2E\AtoE v5\Data\J\J-H (26).png,J
D:\A2E\AtoE v5\Data\J\J-H (27).png,J
D:\A2E\AtoE v5\Data\J\J-H (3).png,J
D:\A2E\AtoE v5\Data\J\J-H (4).png,J
D:\A2E\AtoE v5\Data\J\J-H (5).png,J
D:\A2E\AtoE v5\Data\J\J-H (6).png,J
D:\A2E\AtoE v5\Data\J\J-H (7).png,J
D:\A2E\AtoE v5\Data\J\J-H (8).png,J
D:\A2E\AtoE v5\Data\J\J-H (9).png,J
D:\A2E\AtoE v5\Data\J\J-V (1).png,J
D:\A2E\AtoE v5\Data\J\J-V (10).png,J
D:\A2E\AtoE v5\Data\J\J-V (11).png,J
D:\A2E\AtoE v5\Data\J\J-V (12).png,J
D:\A2E\AtoE v5\Data\J\J-V (13).png,J
D:\A2E\AtoE v5\Data\J\J-V (14).png,J
D:\A2E\AtoE v5\Data\J\J-V (15).png,J
D:\A2E\AtoE v5\Data\J\J-V (16).png,J
D:\A2E\AtoE v5\Data\J\J-V (17).png,J
D:\A2E\AtoE v5\Data\J\J-V (18).png,J
D:\A2E\AtoE v5\Data\J\J-V (19).png,J
D:\A2E\AtoE v5\Data\J\J-V (2).png,J
D:\A2E\AtoE v5\Data\J\J-V (20).png,J
D:\A2E\AtoE v5\Data\J\J-V (21).png,J
D:\A2E\AtoE v5\Data\J\J-V (22).png,J
D:\A2E\AtoE v5\Data\J\J-V (23).png,J
D:\A2E\AtoE v5\Data\J\J-V (24).png,J
D:\A2E\AtoE v5\Data\J\J-V (25).png,J
D:\A2E\AtoE v5\Data\J\J-V (26).png,J
D:\A2E\AtoE v5\Data\J\J-V (27).png,J
D:\A2E\AtoE v5\Data\J\J-V (28).png,J
D:\A2E\AtoE v5\Data\J\J-V (29).png,J
D:\A2E\AtoE v5\Data\J\J-V (3).png,J
D:\A2E\AtoE v5\Data\J\J-V (30).png,J
D:\A2E\AtoE v5\Data\J\J-V (4).png,J
D:\A2E\AtoE v5\Data\J\J-V (5).png,J
D:\A2E\AtoE v5\Data\J\J-V (6).png,J
D:\A2E\AtoE v5\Data\J\J-V (7).png,J
D:\A2E\AtoE v5\Data\J\J-V (8).png,J
D:\A2E\AtoE v5\Data\J\J-V (9).png,J
D:\A2E\AtoE v5\Data\K\K-H (1).png,K
D:\A2E\AtoE v5\Data\K\K-H (10).png,K
D:\A2E\AtoE v5\Data\K\K-H (11).png,K
D:\A2E\AtoE v5\Data\K\K-H (12).png,K
D:\A2E\AtoE v5\Data\K\K-H (13).png,K
D:\A2E\AtoE v5\Data\K\K-H (14).png,K
D:\A2E\AtoE v5\Data\K\K-H (15).png,K
D:\A2E\AtoE v5\Data\K\K-H (16).png,K
D:\A2E\AtoE v5\Data\K\K-H (17).png,K
D:\A2E\AtoE v5\Data\K\K-H (18).png,K
D:\A2E\AtoE v5\Data\K\K-H (19).png,K
D:\A2E\AtoE v5\Data\K\K-H (2).png,K
D:\A2E\AtoE v5\Data\K\K-H (20).png,K
D:\A2E\AtoE v5\Data\K\K-H (21).png,K
D:\A2E\AtoE v5\Data\K\K-H (22).png,K
D:\A2E\AtoE v5\Data\K\K-H (23).png,K
D:\A2E\AtoE v5\Data\K\K-H (24).png,K
D:\A2E\AtoE v5\Data\K\K-H (25).png,K
D:\A2E\AtoE v5\Data\K\K-H (26).png,K
D:\A2E\AtoE v5\Data\K\K-H (27).png,K
D:\A2E\AtoE v5\Data\K\K-H (3).png,K
D:\A2E\AtoE v5\Data\K\K-H (4).png,K
D:\A2E\AtoE v5\Data\K\K-H (5).png,K
D:\A2E\AtoE v5\Data\K\K-H (6).png,K
D:\A2E\AtoE v5\Data\K\K-H (7).png,K
D:\A2E\AtoE v5\Data\K\K-H (8).png,K
D:\A2E\AtoE v5\Data\K\K-H (9).png,K
D:\A2E\AtoE v5\Data\K\K-V (1).png,K
D:\A2E\AtoE v5\Data\K\K-V (10).png,K
D:\A2E\AtoE v5\Data\K\K-V (11).png,K
D:\A2E\AtoE v5\Data\K\K-V (12).png,K
D:\A2E\AtoE v5\Data\K\K-V (13).png,K
D:\A2E\AtoE v5\Data\K\K-V (14).png,K
D:\A2E\AtoE v5\Data\K\K-V (15).png,K
D:\A2E\AtoE v5\Data\K\K-V (16).png,K
D:\A2E\AtoE v5\Data\K\K-V (17).png,K
D:\A2E\AtoE v5\Data\K\K-V (18).png,K
D:\A2E\AtoE v5\Data\K\K-V (19).png,K
D:\A2E\AtoE v5\Data\K\K-V (2).png,K
D:\A2E\AtoE v5\Data\K\K-V (20).png,K
D:\A2E\AtoE v5\Data\K\K-V (21).png,K
D:\A2E\AtoE v5\Data\K\K-V (22).png,K
D:\A2E\AtoE v5\Data\K\K-V (23).png,K
D:\A2E\AtoE v5\Data\K\K-V (24).png,K
D:\A2E\AtoE v5\Data\K\K-V (25).png,K
D:\A2E\AtoE v5\Data\K\K-V (26).png,K
D:\A2E\AtoE v5\Data\K\K-V (27).png,K
D:\A2E\AtoE v5\Data\K\K-V (28).png,K
D:\A2E\AtoE v5\Data\K\K-V (29).png,K
D:\A2E\AtoE v5\Data\K\K-V (3).png,K
D:\A2E\AtoE v5\Data\K\K-V (30).png,K
D:\A2E\AtoE v5\Data\K\K-V (31).png,K
D:\A2E\AtoE v5\Data\K\K-V (32).png,K
D:\A2E\AtoE v5\Data\K\K-V (4).png,K
D:\A2E\AtoE v5\Data\K\K-V (5).png,K
D:\A2E\AtoE v5\Data\K\K-V (6).png,K
D:\A2E\AtoE v5\Data\K\K-V (7).png,K
D:\A2E\AtoE v5\Data\K\K-V (8).png,K
D:\A2E\AtoE v5\Data\K\K-V (9).png,K
D:\A2E\AtoE v5\Data\L\L-H (1).png,L
D:\A2E\AtoE v5\Data\L\L-H (10).png,L
D:\A2E\AtoE v5\Data\L\L-H (11).png,L
D:\A2E\AtoE v5\Data\L\L-H (12).png,L
D:\A2E\AtoE v5\Data\L\L-H (13).png,L
D:\A2E\AtoE v5\Data\L\L-H (14).png,L
D:\A2E\AtoE v5\Data\L\L-H (15).png,L
D:\A2E\AtoE v5\Data\L\L-H (16).png,L
D:\A2E\AtoE v5\Data\L\L-H (17).png,L
D:\A2E\AtoE v5\Data\L\L-H (18).png,L
D:\A2E\AtoE v5\Data\L\L-H (19).png,L
D:\A2E\AtoE v5\Data\L\L-H (2).png,L
D:\A2E\AtoE v5\Data\L\L-H (20).png,L
D:\A2E\AtoE v5\Data\L\L-H (21).png,L
D:\A2E\AtoE v5\Data\L\L-H (22).png,L
D:\A2E\AtoE v5\Data\L\L-H (23).png,L
D:\A2E\AtoE v5\Data\L\L-H (24).png,L
D:\A2E\AtoE v5\Data\L\L-H (25).png,L
D:\A2E\AtoE v5\Data\L\L-H (26).png,L
D:\A2E\AtoE v5\Data\L\L-H (27).png,L
D:\A2E\AtoE v5\Data\L\L-H (3).png,L
D:\A2E\AtoE v5\Data\L\L-H (4).png,L
D:\A2E\AtoE v5\Data\L\L-H (5).png,L
D:\A2E\AtoE v5\Data\L\L-H (6).png,L
D:\A2E\AtoE v5\Data\L\L-H (7).png,L
D:\A2E\AtoE v5\Data\L\L-H (8).png,L
D:\A2E\AtoE v5\Data\L\L-H (9).png,L
D:\A2E\AtoE v5\Data\L\L-V (1).png,L
D:\A2E\AtoE v5\Data\L\L-V (10).png,L
D:\A2E\AtoE v5\Data\L\L-V (11).png,L
D:\A2E\AtoE v5\Data\L\L-V (12).png,L
D:\A2E\AtoE v5\Data\L\L-V (13).png,L
D:\A2E\AtoE v5\Data\L\L-V (14).png,L
D:\A2E\AtoE v5\Data\L\L-V (15).png,L
D:\A2E\AtoE v5\Data\L\L-V (16).png,L
D:\A2E\AtoE v5\Data\L\L-V (17).png,L
D:\A2E\AtoE v5\Data\L\L-V (18).png,L
D:\A2E\AtoE v5\Data\L\L-V (19).png,L
D:\A2E\AtoE v5\Data\L\L-V (2).png,L
D:\A2E\AtoE v5\Data\L\L-V (20).png,L
D:\A2E\AtoE v5\Data\L\L-V (21).png,L
D:\A2E\AtoE v5\Data\L\L-V (22).png,L
D:\A2E\AtoE v5\Data\L\L-V (23).png,L
D:\A2E\AtoE v5\Data\L\L-V (24).png,L
D:\A2E\AtoE v5\Data\L\L-V (25).png,L
D:\A2E\AtoE v5\Data\L\L-V (26).png,L
D:\A2E\AtoE v5\Data\L\L-V (27).png,L
D:\A2E\AtoE v5\Data\L\L-V (28).png,L
D:\A2E\AtoE v5\Data\L\L-V (29).png,L
D:\A2E\AtoE v5\Data\L\L-V (3).png,L
D:\A2E\AtoE v5\Data\L\L-V (4).png,L
D:\A2E\AtoE v5\Data\L\L-V (5).png,L
D:\A2E\AtoE v5\Data\L\L-V (6).png,L
D:\A2E\AtoE v5\Data\L\L-V (7).png,L
D:\A2E\AtoE v5\Data\L\L-V (8).png,L
D:\A2E\AtoE v5\Data\L\L-V (9).png,L
D:\A2E\AtoE v5\Data\M\M-H (1).png,M
D:\A2E\AtoE v5\Data\M\M-H (10).png,M
D:\A2E\AtoE v5\Data\M\M-H (11).png,M
D:\A2E\AtoE v5\Data\M\M-H (12).png,M
D:\A2E\AtoE v5\Data\M\M-H (13).png,M
D:\A2E\AtoE v5\Data\M\M-H (14).png,M
D:\A2E\AtoE v5\Data\M\M-H (15).png,M
D:\A2E\AtoE v5\Data\M\M-H (16).png,M
D:\A2E\AtoE v5\Data\M\M-H (17).png,M
D:\A2E\AtoE v5\Data\M\M-H (18).png,M
D:\A2E\AtoE v5\Data\M\M-H (19).png,M
D:\A2E\AtoE v5\Data\M\M-H (2).png,M
D:\A2E\AtoE v5\Data\M\M-H (20).png,M
D:\A2E\AtoE v5\Data\M\M-H (21).png,M
D:\A2E\AtoE v5\Data\M\M-H (22).png,M
D:\A2E\AtoE v5\Data\M\M-H (23).png,M
D:\A2E\AtoE v5\Data\M\M-H (24).png,M
D:\A2E\AtoE v5\Data\M\M-H (25).png,M
D:\A2E\AtoE v5\Data\M\M-H (26).png,M
D:\A2E\AtoE v5\Data\M\M-H (27).png,M
D:\A2E\AtoE v5\Data\M\M-H (28).png,M
D:\A2E\AtoE v5\Data\M\M-H (3).png,M
D:\A2E\AtoE v5\Data\M\M-H (4).png,M
D:\A2E\AtoE v5\Data\M\M-H (5).png,M
D:\A2E\AtoE v5\Data\M\M-H (6).png,M
D:\A2E\AtoE v5\Data\M\M-H (7).png,M
D:\A2E\AtoE v5\Data\M\M-H (8).png,M
D:\A2E\AtoE v5\Data\M\M-H (9).png,M
D:\A2E\AtoE v5\Data\M\M-V (1).png,M
D:\A2E\AtoE v5\Data\M\M-V (10).png,M
D:\A2E\AtoE v5\Data\M\M-V (11).png,M
D:\A2E\AtoE v5\Data\M\M-V (12).png,M
D:\A2E\AtoE v5\Data\M\M-V (13).png,M
D:\A2E\AtoE v5\Data\M\M-V (14).png,M
D:\A2E\AtoE v5\Data\M\M-V (15).png,M
D:\A2E\AtoE v5\Data\M\M-V (16).png,M
D:\A2E\AtoE v5\Data\M\M-V (17).png,M
D:\A2E\AtoE v5\Data\M\M-V (18).png,M
D:\A2E\AtoE v5\Data\M\M-V (19).png,M
D:\A2E\AtoE v5\Data\M\M-V (2).png,M
D:\A2E\AtoE v5\Data\M\M-V (20).png,M
D:\A2E\AtoE v5\Data\M\M-V (21).png,M
D:\A2E\AtoE v5\Data\M\M-V (22).png,M
D:\A2E\AtoE v5\Data\M\M-V (23).png,M
D:\A2E\AtoE v5\Data\M\M-V (24).png,M
D:\A2E\AtoE v5\Data\M\M-V (25).png,M
D:\A2E\AtoE v5\Data\M\M-V (26).png,M
D:\A2E\AtoE v5\Data\M\M-V (27).png,M
D:\A2E\AtoE v5\Data\M\M-V (3).png,M
D:\A2E\AtoE v5\Data\M\M-V (4).png,M
D:\A2E\AtoE v5\Data\M\M-V (5).png,M
D:\A2E\AtoE v5\Data\M\M-V (6).png,M
D:\A2E\AtoE v5\Data\M\M-V (7).png,M
D:\A2E\AtoE v5\Data\M\M-V (8).png,M
D:\A2E\AtoE v5\Data\M\M-V (9).png,M
D:\A2E\AtoE v5\Data\N\N-H (1).png,N
D:\A2E\AtoE v5\Data\N\N-H (10).png,N
D:\A2E\AtoE v5\Data\N\N-H (11).png,N
D:\A2E\AtoE v5\Data\N\N-H (12).png,N
D:\A2E\AtoE v5\Data\N\N-H (13).png,N
D:\A2E\AtoE v5\Data\N\N-H (14).png,N
D:\A2E\AtoE v5\Data\N\N-H (15).png,N
D:\A2E\AtoE v5\Data\N\N-H (16).png,N
D:\A2E\AtoE v5\Data\N\N-H (17).png,N
D:\A2E\AtoE v5\Data\N\N-H (18).png,N
D:\A2E\AtoE v5\Data\N\N-H (19).png,N
D:\A2E\AtoE v5\Data\N\N-H (2).png,N
D:\A2E\AtoE v5\Data\N\N-H (20).png,N
D:\A2E\AtoE v5\Data\N\N-H (21).png,N
D:\A2E\AtoE v5\Data\N\N-H (22).png,N
D:\A2E\AtoE v5\Data\N\N-H (23).png,N
D:\A2E\AtoE v5\Data\N\N-H (24).png,N
D:\A2E\AtoE v5\Data\N\N-H (25).png,N
D:\A2E\AtoE v5\Data\N\N-H (26).png,N
D:\A2E\AtoE v5\Data\N\N-H (27).png,N
D:\A2E\AtoE v5\Data\N\N-H (3).png,N
D:\A2E\AtoE v5\Data\N\N-H (4).png,N
D:\A2E\AtoE v5\Data\N\N-H (5).png,N
D:\A2E\AtoE v5\Data\N\N-H (6).png,N
D:\A2E\AtoE v5\Data\N\N-H (7).png,N
D:\A2E\AtoE v5\Data\N\N-H (8).png,N
D:\A2E\AtoE v5\Data\N\N-H (9).png,N
D:\A2E\AtoE v5\Data\N\N-V (1).png,N
D:\A2E\AtoE v5\Data\N\N-V (10).png,N
D:\A2E\AtoE v5\Data\N\N-V (11).png,N
D:\A2E\AtoE v5\Data\N\N-V (12).png,N
D:\A2E\AtoE v5\Data\N\N-V (13).png,N
D:\A2E\AtoE v5\Data\N\N-V (14).png,N
D:\A2E\AtoE v5\Data\N\N-V (15).png,N
D:\A2E\AtoE v5\Data\N\N-V (16).png,N
D:\A2E\AtoE v5\Data\N\N-V (17).png,N
D:\A2E\AtoE v5\Data\N\N-V (18).png,N
D:\A2E\AtoE v5\Data\N\N-V (19).png,N
D:\A2E\AtoE v5\Data\N\N-V (2).png,N
D:\A2E\AtoE v5\Data\N\N-V (20).png,N
D:\A2E\AtoE v5\Data\N\N-V (21).png,N
D:\A2E\AtoE v5\Data\N\N-V (22).png,N
D:\A2E\AtoE v5\Data\N\N-V (23).png,N
D:\A2E\AtoE v5\Data\N\N-V (24).png,N
D:\A2E\AtoE v5\Data\N\N-V (25).png,N
D:\A2E\AtoE v5\Data\N\N-V (26).png,N
D:\A2E\AtoE v5\Data\N\N-V (27).png,N
D:\A2E\AtoE v5\Data\N\N-V (28).png,N
D:\A2E\AtoE v5\Data\N\N-V (3).png,N
D:\A2E\AtoE v5\Data\N\N-V (4).png,N
D:\A2E\AtoE v5\Data\N\N-V (5).png,N
D:\A2E\AtoE v5\Data\N\N-V (6).png,N
D:\A2E\AtoE v5\Data\N\N-V (7).png,N
D:\A2E\AtoE v5\Data\N\N-V (8).png,N
D:\A2E\AtoE v5\Data\N\N-V (9).png,N
D:\A2E\AtoE v5\Data\O\O-H (1).png,O
D:\A2E\AtoE v5\Data\O\O-H (10).png,O
D:\A2E\AtoE v5\Data\O\O-H (11).png,O
D:\A2E\AtoE v5\Data\O\O-H (12).png,O
D:\A2E\AtoE v5\Data\O\O-H (13).png,O
D:\A2E\AtoE v5\Data\O\O-H (14).png,O
D:\A2E\AtoE v5\Data\O\O-H (15).png,O
D:\A2E\AtoE v5\Data\O\O-H (16).png,O
D:\A2E\AtoE v5\Data\O\O-H (17).png,O
D:\A2E\AtoE v5\Data\O\O-H (18).png,O
D:\A2E\AtoE v5\Data\O\O-H (19).png,O
D:\A2E\AtoE v5\Data\O\O-H (2).png,O
D:\A2E\AtoE v5\Data\O\O-H (20).png,O
D:\A2E\AtoE v5\Data\O\O-H (21).png,O
D:\A2E\AtoE v5\Data\O\O-H (22).png,O
D:\A2E\AtoE v5\Data\O\O-H (23).png,O
D:\A2E\AtoE v5\Data\O\O-H (24).png,O
D:\A2E\AtoE v5\Data\O\O-H (25).png,O
D:\A2E\AtoE v5\Data\O\O-H (26).png,O
D:\A2E\AtoE v5\Data\O\O-H (27).png,O
D:\A2E\AtoE v5\Data\O\O-H (3).png,O
D:\A2E\AtoE v5\Data\O\O-H (4).png,O
D:\A2E\AtoE v5\Data\O\O-H (5).png,O
D:\A2E\AtoE v5\Data\O\O-H (6).png,O
D:\A2E\AtoE v5\Data\O\O-H (7).png,O
D:\A2E\AtoE v5\Data\O\O-H (8).png,O
D:\A2E\AtoE v5\Data\O\O-H (9).png,O
D:\A2E\AtoE v5\Data\O\O-V (1).png,O
D:\A2E\AtoE v5\Data\O\O-V (10).png,O
D:\A2E\AtoE v5\Data\O\O-V (11).png,O
D:\A2E\AtoE v5\Data\O\O-V (12).png,O
D:\A2E\AtoE v5\Data\O\O-V (13).png,O
D:\A2E\AtoE v5\Data\O\O-V (14).png,O
D:\A2E\AtoE v5\Data\O\O-V (15).png,O
D:\A2E\AtoE v5\Data\O\O-V (16).png,O
D:\A2E\AtoE v5\Data\O\O-V (17).png,O
D:\A2E\AtoE v5\Data\O\O-V (18).png,O
D:\A2E\AtoE v5\Data\O\O-V (19).png,O
D:\A2E\AtoE v5\Data\O\O-V (2).png,O
D:\A2E\AtoE v5\Data\O\O-V (20).png,O
D:\A2E\AtoE v5\Data\O\O-V (21).png,O
D:\A2E\AtoE v5\Data\O\O-V (3).png,O
D:\A2E\AtoE v5\Data\O\O-V (4).png,O
D:\A2E\AtoE v5\Data\O\O-V (5).png,O
D:\A2E\AtoE v5\Data\O\O-V (6).png,O
D:\A2E\AtoE v5\Data\O\O-V (7).png,O
D:\A2E\AtoE v5\Data\O\O-V (8).png,O
D:\A2E\AtoE v5\Data\O\O-V (9).png,O
D:\A2E\AtoE v5\Data\P\P-H (1).png,P
D:\A2E\AtoE v5\Data\P\P-H (10).png,P
D:\A2E\AtoE v5\Data\P\P-H (11).png,P
D:\A2E\AtoE v5\Data\P\P-H (12).png,P
D:\A2E\AtoE v5\Data\P\P-H (13).png,P
D:\A2E\AtoE v5\Data\P\P-H (14).png,P
D:\A2E\AtoE v5\Data\P\P-H (15).png,P
D:\A2E\AtoE v5\Data\P\P-H (16).png,P
D:\A2E\AtoE v5\Data\P\P-H (17).png,P
D:\A2E\AtoE v5\Data\P\P-H (18).png,P
D:\A2E\AtoE v5\Data\P\P-H (19).png,P
D:\A2E\AtoE v5\Data\P\P-H (2).png,P
D:\A2E\AtoE v5\Data\P\P-H (20).png,P
D:\A2E\AtoE v5\Data\P\P-H (21).png,P
D:\A2E\AtoE v5\Data\P\P-H (22).png,P
D:\A2E\AtoE v5\Data\P\P-H (23).png,P
D:\A2E\AtoE v5\Data\P\P-H (24).png,P
D:\A2E\AtoE v5\Data\P\P-H (25).png,P
D:\A2E\AtoE v5\Data\P\P-H (26).png,P
D:\A2E\AtoE v5\Data\P\P-H (27).png,P
D:\A2E\AtoE v5\Data\P\P-H (3).png,P
D:\A2E\AtoE v5\Data\P\P-H (4).png,P
D:\A2E\AtoE v5\Data\P\P-H (5).png,P
D:\A2E\AtoE v5\Data\P\P-H (6).png,P
D:\A2E\AtoE v5\Data\P\P-H (7).png,P
D:\A2E\AtoE v5\Data\P\P-H (8).png,P
D:\A2E\AtoE v5\Data\P\P-H (9).png,P
D:\A2E\AtoE v5\Data\P\P-V (1).png,P
D:\A2E\AtoE v5\Data\P\P-V (10).png,P
D:\A2E\AtoE v5\Data\P\P-V (11).png,P
D:\A2E\AtoE v5\Data\P\P-V (12).png,P
D:\A2E\AtoE v5\Data\P\P-V (13).png,P
D:\A2E\AtoE v5\Data\P\P-V (14).png,P
D:\A2E\AtoE v5\Data\P\P-V (15).png,P
D:\A2E\AtoE v5\Data\P\P-V (16).png,P
D:\A2E\AtoE v5\Data\P\P-V (17).png,P
D:\A2E\AtoE v5\Data\P\P-V (18).png,P
D:\A2E\AtoE v5\Data\P\P-V (19).png,P
D:\A2E\AtoE v5\Data\P\P-V (2).png,P
D:\A2E\AtoE v5\Data\P\P-V (20).png,P
D:\A2E\AtoE v5\Data\P\P-V (21).png,P
D:\A2E\AtoE v5\Data\P\P-V (22).png,P
D:\A2E\AtoE v5\Data\P\P-V (23).png,P
D:\A2E\AtoE v5\Data\P\P-V (24).png,P
D:\A2E\AtoE v5\Data\P\P-V (25).png,P
D:\A2E\AtoE v5\Data\P\P-V (26).png,P
D:\A2E\AtoE v5\Data\P\P-V (27).png,P
D:\A2E\AtoE v5\Data\P\P-V (28).png,P
D:\A2E\AtoE v5\Data\P\P-V (29).png,P
D:\A2E\AtoE v5\Data\P\P-V (3).png,P
D:\A2E\AtoE v5\Data\P\P-V (4).png,P
D:\A2E\AtoE v5\Data\P\P-V (5).png,P
D:\A2E\AtoE v5\Data\P\P-V (6).png,P
D:\A2E\AtoE v5\Data\P\P-V (7).png,P
D:\A2E\AtoE v5\Data\P\P-V (8).png,P
D:\A2E\AtoE v5\Data\P\P-V (9).png,P
D:\A2E\AtoE v5\Data\Q\Q-H (1).png,Q
D:\A2E\AtoE v5\Data\Q\Q-H (10).png,Q
D:\A2E\AtoE v5\Data\Q\Q-H (11).png,Q
D:\A2E\AtoE v5\Data\Q\Q-H (12).png,Q
D:\A2E\AtoE v5\Data\Q\Q-H (13).png,Q
D:\A2E\AtoE v5\Data\Q\Q-H (14).png,Q
D:\A2E\AtoE v5\Data\Q\Q-H (15).png,Q
D:\A2E\AtoE v5\Data\Q\Q-H (16).png,Q
D:\A2E\AtoE v5\Data\Q\Q-H (17).png,Q
D:\A2E\AtoE v5\Data\Q\Q-H (18).png,Q
D:\A2E\AtoE v5\Data\Q\Q-H (19).png,Q
D:\A2E\AtoE v5\Data\Q\Q-H (2).png,Q
D:\A2E\AtoE v5\Data\Q\Q-H (20).png,Q
D:\A2E\AtoE v5\Data\Q\Q-H (21).png,Q
D:\A2E\AtoE v5\Data\Q\Q-H (22).png,Q
D:\A2E\AtoE v5\Data\Q\Q-H (23).png,Q
D:\A2E\AtoE v5\Data\Q\Q-H (24).png,Q
D:\A2E\AtoE v5\Data\Q\Q-H (25).png,Q
D:\A2E\AtoE v5\Data\Q\Q-H (26).png,Q
D:\A2E\AtoE v5\Data\Q\Q-H (27).png,Q
D:\A2E\AtoE v5\Data\Q\Q-H (3).png,Q
D:\A2E\AtoE v5\Data\Q\Q-H (4).png,Q
D:\A2E\AtoE v5\Data\Q\Q-H (5).png,Q
D:\A2E\AtoE v5\Data\Q\Q-H (6).png,Q
D:\A2E\AtoE v5\Data\Q\Q-H (7).png,Q
D:\A2E\AtoE v5\Data\Q\Q-H (8).png,Q
D:\A2E\AtoE v5\Data\Q\Q-H (9).png,Q
D:\A2E\AtoE v5\Data\Q\Q-V (1).png,Q
D:\A2E\AtoE v5\Data\Q\Q-V (10).png,Q
D:\A2E\AtoE v5\Data\Q\Q-V (11).png,Q
D:\A2E\AtoE v5\Data\Q\Q-V (12).png,Q
D:\A2E\AtoE v5\Data\Q\Q-V (13).png,Q
D:\A2E\AtoE v5\Data\Q\Q-V (14).png,Q
D:\A2E\AtoE v5\Data\Q\Q-V (15).png,Q
D:\A2E\AtoE v5\Data\Q\Q-V (16).png,Q
D:\A2E\AtoE v5\Data\Q\Q-V (17).png,Q
D:\A2E\AtoE v5\Data\Q\Q-V (18).png,Q
D:\A2E\AtoE v5\Data\Q\Q-V (19).png,Q
D:\A2E\AtoE v5\Data\Q\Q-V (2).png,Q
D:\A2E\AtoE v5\Data\Q\Q-V (20).png,Q
D:\A2E\AtoE v5\Data\Q\Q-V (3).png,Q
D:\A2E\AtoE v5\Data\Q\Q-V (4).png,Q
D:\A2E\AtoE v5\Data\Q\Q-V (5).png,Q
D:\A2E\AtoE v5\Data\Q\Q-V (6).png,Q
D:\A2E\AtoE v5\Data\Q\Q-V (7).png,Q
D:\A2E\AtoE v5\Data\Q\Q-V (8).png,Q
D:\A2E\AtoE v5\Data\Q\Q-V (9).png,Q
D:\A2E\AtoE v5\Data\R\R-H (1).png,R
D:\A2E\AtoE v5\Data\R\R-H (10).png,R
D:\A2E\AtoE v5\Data\R\R-H (11).png,R
D:\A2E\AtoE v5\Data\R\R-H (12).png,R
D:\A2E\AtoE v5\Data\R\R-H (13).png,R
D:\A2E\AtoE v5\Data\R\R-H (14).png,R
D:\A2E\AtoE v5\Data\R\R-H (15).png,R
D:\A2E\AtoE v5\Data\R\R-H (16).png,R
D:\A2E\AtoE v5\Data\R\R-H (17).png,R
D:\A2E\AtoE v5\Data\R\R-H (18).png,R
D:\A2E\AtoE v5\Data\R\R-H (19).png,R
D:\A2E\AtoE v5\Data\R\R-H (2).png,R
D:\A2E\AtoE v5\Data\R\R-H (20).png,R
D:\A2E\AtoE v5\Data\R\R-H (21).png,R
D:\A2E\AtoE v5\Data\R\R-H (22).png,R
D:\A2E\AtoE v5\Data\R\R-H (23).png,R
D:\A2E\AtoE v5\Data\R\R-H (24).png,R
D:\A2E\AtoE v5\Data\R\R-H (25).png,R
D:\A2E\AtoE v5\Data\R\R-H (26).png,R
D:\A2E\AtoE v5\Data\R\R-H (27).png,R
D:\A2E\AtoE v5\Data\R\R-H (3).png,R
D:\A2E\AtoE v5\Data\R\R-H (4).png,R
D:\A2E\AtoE v5\Data\R\R-H (5).png,R
D:\A2E\AtoE v5\Data\R\R-H (6).png,R
D:\A2E\AtoE v5\Data\R\R-H (7).png,R
D:\A2E\AtoE v5\Data\R\R-H (8).png,R
D:\A2E\AtoE v5\Data\R\R-H (9).png,R
D:\A2E\AtoE v5\Data\R\R-V (1).png,R
D:\A2E\AtoE v5\Data\R\R-V (10).png,R
D:\A2E\AtoE v5\Data\R\R-V (11).png,R
D:\A2E\AtoE v5\Data\R\R-V (12).png,R
D:\A2E\AtoE v5\Data\R\R-V (13).png,R
D:\A2E\AtoE v5\Data\R\R-V (14).png,R
D:\A2E\AtoE v5\Data\R\R-V (15).png,R
D:\A2E\AtoE v5\Data\R\R-V (16).png,R
D:\A2E\AtoE v5\Data\R\R-V (17).png,R
D:\A2E\AtoE v5\Data\R\R-V (18).png,R
D:\A2E\AtoE v5\Data\R\R-V (19).png,R
D:\A2E\AtoE v5\Data\R\R-V (2).png,R
D:\A2E\AtoE v5\Data\R\R-V (20).png,R
D:\A2E\AtoE v5\Data\R\R-V (21).png,R
D:\A2E\AtoE v5\Data\R\R-V (22).png,R
D:\A2E\AtoE v5\Data\R\R-V (23).png,R
D:\A2E\AtoE v5\Data\R\R-V (24).png,R
D:\A2E\AtoE v5\Data\R\R-V (25).png,R
D:\A2E\AtoE v5\Data\R\R-V (26).png,R
D:\A2E\AtoE v5\Data\R\R-V (3).png,R
D:\A2E\AtoE v5\Data\R\R-V (4).png,R
D:\A2E\AtoE v5\Data\R\R-V (5).png,R
D:\A2E\AtoE v5\Data\R\R-V (6).png,R
D:\A2E\AtoE v5\Data\R\R-V (7).png,R
D:\A2E\AtoE v5\Data\R\R-V (8).png,R
D:\A2E\AtoE v5\Data\R\R-V (9).png,R
D:\A2E\AtoE v5\Data\S\S-H (1).png,S
D:\A2E\AtoE v5\Data\S\S-H (10).png,S
D:\A2E\AtoE v5\Data\S\S-H (11).png,S
D:\A2E\AtoE v5\Data\S\S-H (12).png,S
D:\A2E\AtoE v5\Data\S\S-H (13).png,S
D:\A2E\AtoE v5\Data\S\S-H (14).png,S
D:\A2E\AtoE v5\Data\S\S-H (15).png,S
D:\A2E\AtoE v5\Data\S\S-H (16).png,S
D:\A2E\AtoE v5\Data\S\S-H (17).png,S
D:\A2E\AtoE v5\Data\S\S-H (18).png,S
D:\A2E\AtoE v5\Data\S\S-H (19).png,S
D:\A2E\AtoE v5\Data\S\S-H (2).png,S
D:\A2E\AtoE v5\Data\S\S-H (20).png,S
D:\A2E\AtoE v5\Data\S\S-H (21).png,S
D:\A2E\AtoE v5\Data\S\S-H (22).png,S
D:\A2E\AtoE v5\Data\S\S-H (23).png,S
D:\A2E\AtoE v5\Data\S\S-H (24).png,S
D:\A2E\AtoE v5\Data\S\S-H (25).png,S
D:\A2E\AtoE v5\Data\S\S-H (26).png,S
D:\A2E\AtoE v5\Data\S\S-H (27).png,S
D:\A2E\AtoE v5\Data\S\S-H (3).png,S
D:\A2E\AtoE v5\Data\S\S-H (4).png,S
D:\A2E\AtoE v5\Data\S\S-H (5).png,S
D:\A2E\AtoE v5\Data\S\S-H (6).png,S
D:\A2E\AtoE v5\Data\S\S-H (7).png,S
D:\A2E\AtoE v5\Data\S\S-H (8).png,S
D:\A2E\AtoE v5\Data\S\S-H (9).png,S
D:\A2E\AtoE v5\Data\S\S-V (1).png,S
D:\A2E\AtoE v5\Data\S\S-V (10).png,S
D:\A2E\AtoE v5\Data\S\S-V (11).png,S
D:\A2E\AtoE v5\Data\S\S-V (12).png,S
D:\A2E\AtoE v5\Data\S\S-V (17).png,S
D:\A2E\AtoE v5\Data\S\S-V (18).png,S
D:\A2E\AtoE v5\Data\S\S-V (19).png,S
D:\A2E\AtoE v5\Data\S\S-V (2).png,S
D:\A2E\AtoE v5\Data\S\S-V (20).png,S
D:\A2E\AtoE v5\Data\S\S-V (21).png,S
D:\A2E\AtoE v5\Data\S\S-V (22).png,S
D:\A2E\AtoE v5\Data\S\S-V (23).png,S
D:\A2E\AtoE v5\Data\S\S-V (24).png,S
D:\A2E\AtoE v5\Data\S\S-V (25).png,S
D:\A2E\AtoE v5\Data\S\S-V (26).png,S
D:\A2E\AtoE v5\Data\S\S-V (27).png,S
D:\A2E\AtoE v5\Data\S\S-V (28).png,S
D:\A2E\AtoE v5\Data\S\S-V (29).png,S
D:\A2E\AtoE v5\Data\S\S-V (3).png,S
D:\A2E\AtoE v5\Data\S\S-V (30).png,S
D:\A2E\AtoE v5\Data\S\S-V (31).png,S
D:\A2E\AtoE v5\Data\S\S-V (32).png,S
D:\A2E\AtoE v5\Data\S\S-V (4).png,S
D:\A2E\AtoE v5\Data\S\S-V (5).png,S
D:\A2E\AtoE v5\Data\T\T-H (1).png,T
D:\A2E\AtoE v5\Data\T\T-H (10).png,T
D:\A2E\AtoE v5\Data\T\T-H (11).png,T
D:\A2E\AtoE v5\Data\T\T-H (12).png,T
D:\A2E\AtoE v5\Data\T\T-H (13).png,T
D:\A2E\AtoE v5\Data\T\T-H (14).png,T
D:\A2E\AtoE v5\Data\T\T-H (15).png,T
D:\A2E\AtoE v5\Data\T\T-H (16).png,T
D:\A2E\AtoE v5\Data\T\T-H (17).png,T
D:\A2E\AtoE v5\Data\T\T-H (18).png,T
D:\A2E\AtoE v5\Data\T\T-H (19).png,T
D:\A2E\AtoE v5\Data\T\T-H (2).png,T
D:\A2E\AtoE v5\Data\T\T-H (20).png,T
D:\A2E\AtoE v5\Data\T\T-H (21).png,T
D:\A2E\AtoE v5\Data\T\T-H (22).png,T
D:\A2E\AtoE v5\Data\T\T-H (23).png,T
D:\A2E\AtoE v5\Data\T\T-H (24).png,T
D:\A2E\AtoE v5\Data\T\T-H (25).png,T
D:\A2E\AtoE v5\Data\T\T-H (26).png,T
D:\A2E\AtoE v5\Data\T\T-H (27).png,T
D:\A2E\AtoE v5\Data\T\T-H (3).png,T
D:\A2E\AtoE v5\Data\T\T-H (4).png,T
D:\A2E\AtoE v5\Data\T\T-H (5).png,T
D:\A2E\AtoE v5\Data\T\T-H (6).png,T
D:\A2E\AtoE v5\Data\T\T-H (7).png,T
D:\A2E\AtoE v5\Data\T\T-H (8).png,T
D:\A2E\AtoE v5\Data\T\T-H (9).png,T
D:\A2E\AtoE v5\Data\T\T-V (1).png,T
D:\A2E\AtoE v5\Data\T\T-V (10).png,T
D:\A2E\AtoE v5\Data\T\T-V (11).png,T
D:\A2E\AtoE v5\Data\T\T-V (12).png,T
D:\A2E\AtoE v5\Data\T\T-V (13).png,T
D:\A2E\AtoE v5\Data\T\T-V (14).png,T
D:\A2E\AtoE v5\Data\T\T-V (15).png,T
D:\A2E\AtoE v5\Data\T\T-V (16).png,T
D:\A2E\AtoE v5\Data\T\T-V (17).png,T
D:\A2E\AtoE v5\Data\T\T-V (18).png,T
D:\A2E\AtoE v5\Data\T\T-V (19).png,T
D:\A2E\AtoE v5\Data\T\T-V (2).png,T
D:\A2E\AtoE v5\Data\T\T-V (20).png,T
D:\A2E\AtoE v5\Data\T\T-V (21).png,T
D:\A2E\AtoE v5\Data\T\T-V (22).png,T
D:\A2E\AtoE v5\Data\T\T-V (23).png,T
D:\A2E\AtoE v5\Data\T\T-V (24).png,T
D:\A2E\AtoE v5\Data\T\T-V (3).png,T
D:\A2E\AtoE v5\Data\T\T-V (4).png,T
D:\A2E\AtoE v5\Data\T\T-V (5).png,T
D:\A2E\AtoE v5\Data\T\T-V (6).png,T
D:\A2E\AtoE v5\Data\T\T-V (7).png,T
D:\A2E\AtoE v5\Data\T\T-V (8).png,T
D:\A2E\AtoE v5\Data\T\T-V (9).png,T
D:\A2E\AtoE v5\Data\U\U-H (1).png,U
D:\A2E\AtoE v5\Data\U\U-H (10).png,U
D:\A2E\AtoE v5\Data\U\U-H (11).png,U
D:\A2E\AtoE v5\Data\U\U-H (12).png,U
D:\A2E\AtoE v5\Data\U\U-H (13).png,U
D:\A2E\AtoE v5\Data\U\U-H (14).png,U
D:\A2E\AtoE v5\Data\U\U-H (15).png,U
D:\A2E\AtoE v5\Data\U\U-H (16).png,U
D:\A2E\AtoE v5\Data\U\U-H (17).png,U
D:\A2E\AtoE v5\Data\U\U-H (18).png,U
D:\A2E\AtoE v5\Data\U\U-H (19).png,U
D:\A2E\AtoE v5\Data\U\U-H (2).png,U
D:\A2E\AtoE v5\Data\U\U-H (20).png,U
D:\A2E\AtoE v5\Data\U\U-H (21).png,U
D:\A2E\AtoE v5\Data\U\U-H (22).png,U
D:\A2E\AtoE v5\Data\U\U-H (23).png,U
D:\A2E\AtoE v5\Data\U\U-H (24).png,U
D:\A2E\AtoE v5\Data\U\U-H (25).png,U
D:\A2E\AtoE v5\Data\U\U-H (26).png,U
D:\A2E\AtoE v5\Data\U\U-H (27).png,U
D:\A2E\AtoE v5\Data\U\U-H (3).png,U
D:\A2E\AtoE v5\Data\U\U-H (4).png,U
D:\A2E\AtoE v5\Data\U\U-H (5).png,U
D:\A2E\AtoE v5\Data\U\U-H (6).png,U
D:\A2E\AtoE v5\Data\U\U-H (7).png,U
D:\A2E\AtoE v5\Data\U\U-H (8).png,U
D:\A2E\AtoE v5\Data\U\U-H (9).png,U
D:\A2E\AtoE v5\Data\U\U-V (1).png,U
D:\A2E\AtoE v5\Data\U\U-V (10).png,U
D:\A2E\AtoE v5\Data\U\U-V (11).png,U
D:\A2E\AtoE v5\Data\U\U-V (12).png,U
D:\A2E\AtoE v5\Data\U\U-V (13).png,U
D:\A2E\AtoE v5\Data\U\U-V (14).png,U
D:\A2E\AtoE v5\Data\U\U-V (15).png,U
D:\A2E\AtoE v5\Data\U\U-V (16).png,U
D:\A2E\AtoE v5\Data\U\U-V (17).png,U
D:\A2E\AtoE v5\Data\U\U-V (18).png,U
D:\A2E\AtoE v5\Data\U\U-V (19).png,U
D:\A2E\AtoE v5\Data\U\U-V (2).png,U
D:\A2E\AtoE v5\Data\U\U-V (20).png,U
D:\A2E\AtoE v5\Data\U\U-V (21).png,U
D:\A2E\AtoE v5\Data\U\U-V (22).png,U
D:\A2E\AtoE v5\Data\U\U-V (23).png,U
D:\A2E\AtoE v5\Data\U\U-V (24).png,U
D:\A2E\AtoE v5\Data\U\U-V (25).png,U
D:\A2E\AtoE v5\Data\U\U-V (26).png,U
D:\A2E\AtoE v5\Data\U\U-V (27).png,U
D:\A2E\AtoE v5\Data\U\U-V (28).png,U
D:\A2E\AtoE v5\Data\U\U-V (29).png,U
D:\A2E\AtoE v5\Data\U\U-V (3).png,U
D:\A2E\AtoE v5\Data\U\U-V (30).png,U
D:\A2E\AtoE v5\Data\U\U-V (31).png,U
D:\A2E\AtoE v5\Data\U\U-V (32).png,U
D:\A2E\AtoE v5\Data\U\U-V (4).png,U
D:\A2E\AtoE v5\Data\U\U-V (5).png,U
D:\A2E\AtoE v5\Data\U\U-V (6).png,U
D:\A2E\AtoE v5\Data\U\U-V (7).png,U
D:\A2E\AtoE v5\Data\U\U-V (8).png,U
D:\A2E\AtoE v5\Data\U\U-V (9).png,U
D:\A2E\AtoE v5\Data\V\V-H (1).png,V
D:\A2E\AtoE v5\Data\V\V-H (10).png,V
D:\A2E\AtoE v5\Data\V\V-H (11).png,V
D:\A2E\AtoE v5\Data\V\V-H (12).png,V
D:\A2E\AtoE v5\Data\V\V-H (13).png,V
D:\A2E\AtoE v5\Data\V\V-H (14).png,V
D:\A2E\AtoE v5\Data\V\V-H (15).png,V
D:\A2E\AtoE v5\Data\V\V-H (16).png,V
D:\A2E\AtoE v5\Data\V\V-H (17).png,V
D:\A2E\AtoE v5\Data\V\V-H (18).png,V
D:\A2E\AtoE v5\Data\V\V-H (19).png,V
D:\A2E\AtoE v5\Data\V\V-H (2).png,V
D:\A2E\AtoE v5\Data\V\V-H (20).png,V
D:\A2E\AtoE v5\Data\V\V-H (21).png,V
D:\A2E\AtoE v5\Data\V\V-H (22).png,V
D:\A2E\AtoE v5\Data\V\V-H (23).png,V
D:\A2E\AtoE v5\Data\V\V-H (24).png,V
D:\A2E\AtoE v5\Data\V\V-H (25).png,V
D:\A2E\AtoE v5\Data\V\V-H (26).png,V
D:\A2E\AtoE v5\Data\V\V-H (27).png,V
D:\A2E\AtoE v5\Data\V\V-H (28).png,V
D:\A2E\AtoE v5\Data\V\V-H (3).png,V
D:\A2E\AtoE v5\Data\V\V-H (4).png,V
D:\A2E\AtoE v5\Data\V\V-H (5).png,V
D:\A2E\AtoE v5\Data\V\V-H (6).png,V
D:\A2E\AtoE v5\Data\V\V-H (7).png,V
D:\A2E\AtoE v5\Data\V\V-H (8).png,V
D:\A2E\AtoE v5\Data\V\V-H (9).png,V
D:\A2E\AtoE v5\Data\V\V-V (1).png,V
D:\A2E\AtoE v5\Data\V\V-V (10).png,V
D:\A2E\AtoE v5\Data\V\V-V (11).png,V
D:\A2E\AtoE v5\Data\V\V-V (12).png,V
D:\A2E\AtoE v5\Data\V\V-V (13).png,V
D:\A2E\AtoE v5\Data\V\V-V (14).png,V
D:\A2E\AtoE v5\Data\V\V-V (15).png,V
D:\A2E\AtoE v5\Data\V\V-V (16).png,V
D:\A2E\AtoE v5\Data\V\V-V (17).png,V
D:\A2E\AtoE v5\Data\V\V-V (18).png,V
D:\A2E\AtoE v5\Data\V\V-V (19).png,V
D:\A2E\AtoE v5\Data\V\V-V (2).png,V
D:\A2E\AtoE v5\Data\V\V-V (20).png,V
D:\A2E\AtoE v5\Data\V\V-V (21).png,V
D:\A2E\AtoE v5\Data\V\V-V (22).png,V
D:\A2E\AtoE v5\Data\V\V-V (23).png,V
D:\A2E\AtoE v5\Data\V\V-V (24).png,V
D:\A2E\AtoE v5\Data\V\V-V (25).png,V
D:\A2E\AtoE v5\Data\V\V-V (26).png,V
D:\A2E\AtoE v5\Data\V\V-V (3).png,V
D:\A2E\AtoE v5\Data\V\V-V (4).png,V
D:\A2E\AtoE v5\Data\V\V-V (7).png,V
D:\A2E\AtoE v5\Data\V\V-V (8).png,V
D:\A2E\AtoE v5\Data\V\V-V (9).png,V
D:\A2E\AtoE v5\Data\W\W-H (1).png,W
D:\A2E\AtoE v5\Data\W\W-H (10).png,W
D:\A2E\AtoE v5\Data\W\W-H (11).png,W
D:\A2E\AtoE v5\Data\W\W-H (12).png,W
D:\A2E\AtoE v5\Data\W\W-H (13).png,W
D:\A2E\AtoE v5\Data\W\W-H (14).png,W
D:\A2E\AtoE v5\Data\W\W-H (15).png,W
D:\A2E\AtoE v5\Data\W\W-H (16).png,W
D:\A2E\AtoE v5\Data\W\W-H (17).png,W
D:\A2E\AtoE v5\Data\W\W-H (18).png,W
D:\A2E\AtoE v5\Data\W\W-H (19).png,W
D:\A2E\AtoE v5\Data\W\W-H (2).png,W
D:\A2E\AtoE v5\Data\W\W-H (20).png,W
D:\A2E\AtoE v5\Data\W\W-H (21).png,W
D:\A2E\AtoE v5\Data\W\W-H (22).png,W
D:\A2E\AtoE v5\Data\W\W-H (23).png,W
D:\A2E\AtoE v5\Data\W\W-H (24).png,W
D:\A2E\AtoE v5\Data\W\W-H (25).png,W
D:\A2E\AtoE v5\Data\W\W-H (26).png,W
D:\A2E\AtoE v5\Data\W\W-H (27).png,W
D:\A2E\AtoE v5\Data\W\W-H (3).png,W
D:\A2E\AtoE v5\Data\W\W-H (4).png,W
D:\A2E\AtoE v5\Data\W\W-H (5).png,W
D:\A2E\AtoE v5\Data\W\W-H (6).png,W
D:\A2E\AtoE v5\Data\W\W-H (7).png,W
D:\A2E\AtoE v5\Data\W\W-H (8).png,W
D:\A2E\AtoE v5\Data\W\W-H (9).png,W
D:\A2E\AtoE v5\Data\W\W-V (1).png,W
D:\A2E\AtoE v5\Data\W\W-V (10).png,W
D:\A2E\AtoE v5\Data\W\W-V (11).png,W
D:\A2E\AtoE v5\Data\W\W-V (12).png,W
D:\A2E\AtoE v5\Data\W\W-V (13).png,W
D:\A2E\AtoE v5\Data\W\W-V (14).png,W
D:\A2E\AtoE v5\Data\W\W-V (15).png,W
D:\A2E\AtoE v5\Data\W\W-V (16).png,W
D:\A2E\AtoE v5\Data\W\W-V (17).png,W
D:\A2E\AtoE v5\Data\W\W-V (18).png,W
D:\A2E\AtoE v5\Data\W\W-V (19).png,W
D:\A2E\AtoE v5\Data\W\W-V (2).png,W
D:\A2E\AtoE v5\Data\W\W-V (20).png,W
D:\A2E\AtoE v5\Data\W\W-V (21).png,W
D:\A2E\AtoE v5\Data\W\W-V (22).png,W
D:\A2E\AtoE v5\Data\W\W-V (23).png,W
D:\A2E\AtoE v5\Data\W\W-V (24).png,W
D:\A2E\AtoE v5\Data\W\W-V (25).png,W
D:\A2E\AtoE v5\Data\W\W-V (3).png,W
D:\A2E\AtoE v5\Data\W\W-V (4).png,W
D:\A2E\AtoE v5\Data\W\W-V (5).png,W
D:\A2E\AtoE v5\Data\W\W-V (6).png,W
D:\A2E\AtoE v5\Data\W\W-V (7).png,W
D:\A2E\AtoE v5\Data\W\W-V (8).png,W
D:\A2E\AtoE v5\Data\W\W-V (9).png,W
D:\A2E\AtoE v5\Data\X\X-H (1).png,X
D:\A2E\AtoE v5\Data\X\X-H (10).png,X
D:\A2E\AtoE v5\Data\X\X-H (11).png,X
D:\A2E\AtoE v5\Data\X\X-H (12).png,X
D:\A2E\AtoE v5\Data\X\X-H (13).png,X
D:\A2E\AtoE v5\Data\X\X-H (14).png,X
D:\A2E\AtoE v5\Data\X\X-H (15).png,X
D:\A2E\AtoE v5\Data\X\X-H (16).png,X
D:\A2E\AtoE v5\Data\X\X-H (17).png,X
D:\A2E\AtoE v5\Data\X\X-H (18).png,X
D:\A2E\AtoE v5\Data\X\X-H (19).png,X
D:\A2E\AtoE v5\Data\X\X-H (2).png,X
D:\A2E\AtoE v5\Data\X\X-H (20).png,X
D:\A2E\AtoE v5\Data\X\X-H (21).png,X
D:\A2E\AtoE v5\Data\X\X-H (22).png,X
D:\A2E\AtoE v5\Data\X\X-H (23).png,X
D:\A2E\AtoE v5\Data\X\X-H (24).png,X
D:\A2E\AtoE v5\Data\X\X-H (25).png,X
D:\A2E\AtoE v5\Data\X\X-H (26).png,X
D:\A2E\AtoE v5\Data\X\X-H (27).png,X
D:\A2E\AtoE v5\Data\X\X-H (28).png,X
D:\A2E\AtoE v5\Data\X\X-H (3).png,X
D:\A2E\AtoE v5\Data\X\X-H (4).png,X
D:\A2E\AtoE v5\Data\X\X-H (5).png,X
D:\A2E\AtoE v5\Data\X\X-H (6).png,X
D:\A2E\AtoE v5\Data\X\X-H (7).png,X
D:\A2E\AtoE v5\Data\X\X-H (8).png,X
D:\A2E\AtoE v5\Data\X\X-H (9).png,X
D:\A2E\AtoE v5\Data\X\X-V (1).png,X
D:\A2E\AtoE v5\Data\X\X-V (10).png,X
D:\A2E\AtoE v5\Data\X\X-V (11).png,X
D:\A2E\AtoE v5\Data\X\X-V (12).png,X
D:\A2E\AtoE v5\Data\X\X-V (13).png,X
D:\A2E\AtoE v5\Data\X\X-V (14).png,X
D:\A2E\AtoE v5\Data\X\X-V (15).png,X
D:\A2E\AtoE v5\Data\X\X-V (16).png,X
D:\A2E\AtoE v5\Data\X\X-V (17).png,X
D:\A2E\AtoE v5\Data\X\X-V (18).png,X
D:\A2E\AtoE v5\Data\X\X-V (19).png,X
D:\A2E\AtoE v5\Data\X\X-V (2).png,X
D:\A2E\AtoE v5\Data\X\X-V (20).png,X
D:\A2E\AtoE v5\Data\X\X-V (21).png,X
D:\A2E\AtoE v5\Data\X\X-V (22).png,X
D:\A2E\AtoE v5\Data\X\X-V (23).png,X
D:\A2E\AtoE v5\Data\X\X-V (24).png,X
D:\A2E\AtoE v5\Data\X\X-V (25).png,X
D:\A2E\AtoE v5\Data\X\X-V (3).png,X
D:\A2E\AtoE v5\Data\X\X-V (4).png,X
D:\A2E\AtoE v5\Data\X\X-V (5).png,X
D:\A2E\AtoE v5\Data\X\X-V (6).png,X
D:\A2E\AtoE v5\Data\X\X-V (7).png,X
D:\A2E\AtoE v5\Data\X\X-V (8).png,X
D:\A2E\AtoE v5\Data\X\X-V (9).png,X
D:\A2E\AtoE v5\Data\Y\Y-H (1).png,Y
D:\A2E\AtoE v5\Data\Y\Y-H (10).png,Y
D:\A2E\AtoE v5\Data\Y\Y-H (11).png,Y
D:\A2E\AtoE v5\Data\Y\Y-H (12).png,Y
D:\A2E\AtoE v5\Data\Y\Y-H (13).png,Y
D:\A2E\AtoE v5\Data\Y\Y-H (14).png,Y
D:\A2E\AtoE v5\Data\Y\Y-H (15).png,Y
D:\A2E\AtoE v5\Data\Y\Y-H (16).png,Y
D:\A2E\AtoE v5\Data\Y\Y-H (17).png,Y
D:\A2E\AtoE v5\Data\Y\Y-H (18).png,Y
D:\A2E\AtoE v5\Data\Y\Y-H (19).png,Y
D:\A2E\AtoE v5\Data\Y\Y-H (2).png,Y
D:\A2E\AtoE v5\Data\Y\Y-H (20).png,Y
D:\A2E\AtoE v5\Data\Y\Y-H (21).png,Y
D:\A2E\AtoE v5\Data\Y\Y-H (22).png,Y
D:\A2E\AtoE v5\Data\Y\Y-H (23).png,Y
D:\A2E\AtoE v5\Data\Y\Y-H (24).png,Y
D:\A2E\AtoE v5\Data\Y\Y-H (25).png,Y
D:\A2E\AtoE v5\Data\Y\Y-H (26).png,Y
D:\A2E\AtoE v5\Data\Y\Y-H (27).png,Y
D:\A2E\AtoE v5\Data\Y\Y-H (3).png,Y
D:\A2E\AtoE v5\Data\Y\Y-H (4).png,Y
D:\A2E\AtoE v5\Data\Y\Y-H (5).png,Y
D:\A2E\AtoE v5\Data\Y\Y-H (6).png,Y
D:\A2E\AtoE v5\Data\Y\Y-H (7).png,Y
D:\A2E\AtoE v5\Data\Y\Y-H (8).png,Y
D:\A2E\AtoE v5\Data\Y\Y-H (9).png,Y
D:\A2E\AtoE v5\Data\Y\Y-V (1).png,Y
D:\A2E\AtoE v5\Data\Y\Y-V (10).png,Y
D:\A2E\AtoE v5\Data\Y\Y-V (11).png,Y
D:\A2E\AtoE v5\Data\Y\Y-V (12).png,Y
D:\A2E\AtoE v5\Data\Y\Y-V (13).png,Y
D:\A2E\AtoE v5\Data\Y\Y-V (14).png,Y
D:\A2E\AtoE v5\Data\Y\Y-V (15).png,Y
D:\A2E\AtoE v5\Data\Y\Y-V (16).png,Y
D:\A2E\AtoE v5\Data\Y\Y-V (17).png,Y
D:\A2E\AtoE v5\Data\Y\Y-V (18).png,Y
D:\A2E\AtoE v5\Data\Y\Y-V (19).png,Y
D:\A2E\AtoE v5\Data\Y\Y-V (2).png,Y
D:\A2E\AtoE v5\Data\Y\Y-V (20).png,Y
D:\A2E\AtoE v5\Data\Y\Y-V (21).png,Y
D:\A2E\AtoE v5\Data\Y\Y-V (22).png,Y
D:\A2E\AtoE v5\Data\Y\Y-V (23).png,Y
D:\A2E\AtoE v5\Data\Y\Y-V (3).png,Y
D:\A2E\AtoE v5\Data\Y\Y-V (4).png,Y
D:\A2E\AtoE v5\Data\Y\Y-V (5).png,Y
D:\A2E\AtoE v5\Data\Y\Y-V (6).png,Y
D:\A2E\AtoE v5\Data\Y\Y-V (7).png,Y
D:\A2E\AtoE v5\Data\Y\Y-V (8).png,Y
D:\A2E\AtoE v5\Data\Y\Y-V (9).png,Y
D:\A2E\AtoE v5\Data\Z\Z-H (1).png,Z
D:\A2E\AtoE v5\Data\Z\Z-H (10).png,Z
D:\A2E\AtoE v5\Data\Z\Z-H (11).png,Z
D:\A2E\AtoE v5\Data\Z\Z-H (12).png,Z
D:\A2E\AtoE v5\Data\Z\Z-H (13).png,Z
D:\A2E\AtoE v5\Data\Z\Z-H (14).png,Z
D:\A2E\AtoE v5\Data\Z\Z-H (15).png,Z
D:\A2E\AtoE v5\Data\Z\Z-H (16).png,Z
D:\A2E\AtoE v5\Data\Z\Z-H (17).png,Z
D:\A2E\AtoE v5\Data\Z\Z-H (18).png,Z
D:\A2E\AtoE v5\Data\Z\Z-H (19).png,Z
D:\A2E\AtoE v5\Data\Z\Z-H (2).png,Z
D:\A2E\AtoE v5\Data\Z\Z-H (20).png,Z
D:\A2E\AtoE v5\Data\Z\Z-H (21).png,Z
D:\A2E\AtoE v5\Data\Z\Z-H (22).png,Z
D:\A2E\AtoE v5\Data\Z\Z-H (23).png,Z
D:\A2E\AtoE v5\Data\Z\Z-H (24).png,Z
D:\A2E\AtoE v5\Data\Z\Z-H (25).png,Z
D:\A2E\AtoE v5\Data\Z\Z-H (26).png,Z
D:\A2E\AtoE v5\Data\Z\Z-H (27).png,Z
D:\A2E\AtoE v5\Data\Z\Z-H (28).png,Z
D:\A2E\AtoE v5\Data\Z\Z-H (3).png,Z
D:\A2E\AtoE v5\Data\Z\Z-H (4).png,Z
D:\A2E\AtoE v5\Data\Z\Z-H (5).png,Z
D:\A2E\AtoE v5\Data\Z\Z-H (6).png,Z
D:\A2E\AtoE v5\Data\Z\Z-H (7).png,Z
D:\A2E\AtoE v5\Data\Z\Z-H (8).png,Z
D:\A2E\AtoE v5\Data\Z\Z-H (9).png,Z
D:\A2E\AtoE v5\Data\Z\Z-V (1).png,Z
D:\A2E\AtoE v5\Data\Z\Z-V (10).png,Z
D:\A2E\AtoE v5\Data\Z\Z-V (11).png,Z
D:\A2E\AtoE v5\Data\Z\Z-V (12).png,Z
D:\A2E\AtoE v5\Data\Z\Z-V (13).png,Z
D:\A2E\AtoE v5\Data\Z\Z-V (14).png,Z
D:\A2E\AtoE v5\Data\Z\Z-V (15).png,Z
D:\A2E\AtoE v5\Data\Z\Z-V (16).png,Z
D:\A2E\AtoE v5\Data\Z\Z-V (17).png,Z
D:\A2E\AtoE v5\Data\Z\Z-V (18).png,Z
D:\A2E\AtoE v5\Data\Z\Z-V (19).png,Z
D:\A2E\AtoE v5\Data\Z\Z-V (2).png,Z
D:\A2E\AtoE v5\Data\Z\Z-V (20).png,Z
D:\A2E\AtoE v5\Data\Z\Z-V (21).png,Z
D:\A2E\AtoE v5\Data\Z\Z-V (22).png,Z
D:\A2E\AtoE v5\Data\Z\Z-V (23).png,Z
D:\A2E\AtoE v5\Data\Z\Z-V (3).png,Z
D:\A2E\AtoE v5\Data\Z\Z-V (4).png,Z
D:\A2E\AtoE v5\Data\Z\Z-V (5).png,Z
D:\A2E\AtoE v5\Data\Z\Z-V (6).png,Z
D:\A2E\AtoE v5\Data\Z\Z-V (7).png,Z
D:\A2E\AtoE v5\Data\Z\Z-V (8).png,Z
D:\A2E\AtoE v5\Data\Z\Z-V (9).png,Z
